id,v1,v2,v3
1,1.89845,5.6745,7.4353
2,1.6745,4.4353,8.6745
3,2.45055,3.1961,9.9137
4,3.2266,4.0431,1.1529
5,4.00265,5.2823,1.3921
6,5.2213,3.5215,1.6313
7,6.44525,4.7607,1.8705
8,7.6692,3.9999,2.1097
9,5.89315,1.2391,2.3489
10,1.1171,1.4783,2.5881
11,1.34105,1.7175,2.8273
12,1.565,1.9567,3.0665
13,1.78895,2.1959,3.3057
14,2.0129,2.4351,3.5449
15,2.23685,2.6743,3.7841
16,2.4608,2.9135,4.0233
17,2.68475,3.1527,4.2625
18,2.9087,3.3919,4.5017
19,3.13265,3.6311,4.7409
20,3.3566,3.8703,4.9801
